"snapshot_date","type","url"
"2026-09-11","page","https://a1solar.hu/"
"2026-09-11","page","https://a1solar.hu/kepzeseink/"
"2026-09-11","page","https://a1solar.hu/lakossagi-napelem-kalkulator/"
"2026-09-11","page","https://a1solar.hu/szolgaltatasaink/"
"2026-09-11","page","https://a1solar.hu/vallalati-napelem-kalkulator/"
"2026-09-11","page","https://a1solar.hu/sikeres-ceges-ajanlatkeres/"
"2026-09-11","page","https://a1solar.hu/cegbemutato/"
"2026-09-11","page","https://a1solar.hu/sikeres-regisztracio/"
"2026-09-11","page","https://a1solar.hu/szakmai-nap-regisztracio/"
"2026-09-11","page","https://a1solar.hu/otthonfelujitasi-tamogatas-2024/"
"2026-09-11","page","https://a1solar.hu/sikeres-jelentkezes/"
"2026-09-11","page","https://a1solar.hu/falusi-csok/"
"2026-09-11","page","https://a1solar.hu/otthonfelujitasi-tamogatas-ajanlat-iii/"
"2026-09-11","page","https://a1solar.hu/otthonfelujitasi-tamogatas-ajanlat-i/"
"2026-09-11","page","https://a1solar.hu/otthonfelujitasi-tamogatas-ajanlat-ii/"
"2026-09-11","page","https://a1solar.hu/napenergia-plusz-program/"
"2026-09-11","page","https://a1solar.hu/energetikai-palyazatok-2024/"
"2026-09-11","page","https://a1solar.hu/sikeres-kapcsolatfelvetel/"
"2026-09-11","page","https://a1solar.hu/sikeres-kapcsolatfelvetel-jedlik/"
"2026-09-11","page","https://a1solar.hu/palyazatok/"
"2026-09-11","page","https://a1solar.hu/cookie-nyilatkozat/"
"2026-09-11","page","https://a1solar.hu/aszf/"
"2026-09-11","page","https://a1solar.hu/ft1000/"
"2026-09-11","page","https://a1solar.hu/sikeres-lakossagi-visszahivas-keres/"
"2026-09-11","page","https://a1solar.hu/sikeres-kapcsolatfelvetel-vop/"
"2026-09-11","page","https://a1solar.hu/sikeres-lakossagi-ajanlatkeres/"
"2026-09-11","page","https://a1solar.hu/sikeres-ceges-visszahivas-keres/"
"2026-09-11","page","https://a1solar.hu/sikeres-kapcsolatfelvetel-tarsashaz/"
"2026-09-11","page","https://a1solar.hu/napelem-tarsashazaknak/"
"2026-09-11","page","https://a1solar.hu/sikeres-fodemszigeteles-jelentkezes/"
"2026-09-11","page","https://a1solar.hu/vallalati-energiatarolas/"
"2026-09-11","page","https://a1solar.hu/jedlik-anyos-finanszirozasi-segitseg/"
"2026-09-11","page","https://a1solar.hu/sikeres-eloregisztracio-lakossagi-energiatarolas/"
"2026-09-11","page","https://a1solar.hu/jogosultsagi-eloszuro/"
"2026-09-11","page","https://a1solar.hu/sikeres-energiatarolo-program-kalkulator-kitoltes/"
"2026-09-11","page","https://a1solar.hu/adatvedelmi-nyilatkozat/"
"2026-09-11","page","https://a1solar.hu/sikeres-helyszini-felmeres-keres/"
"2026-09-11","page","https://a1solar.hu/jedlik-anyos-energetikai-program/"
"2026-09-11","page","https://a1solar.hu/oep-nyeremenyjatek/"
"2026-09-11","page","https://a1solar.hu/lakossagi-napelemes-rendszerek-tamogatasa-promocios-szabalyzat/"
"2026-09-11","page","https://a1solar.hu/sikeres-lakossagi-napelem-tisztitas-ajanlatkeres/"
"2026-09-11","page","https://a1solar.hu/sikeres-vallalati-napelem-tisztitas-ajanlatkeres/"
"2026-09-11","page","https://a1solar.hu/lakossagi-napelem-tisztitas-es-karbantartas/"
"2026-09-11","page","https://a1solar.hu/kapcsolat/"
"2026-09-11","page","https://a1solar.hu/otthonfelujitasi-tamogatas-2025/"
"2026-09-11","page","https://a1solar.hu/oep-helyszini-felmeres/"
"2026-09-11","page","https://a1solar.hu/vallalati-napelem-tisztitas-es-karbantartas/"
"2026-09-11","page","https://a1solar.hu/lakossagi-energiatarolo-tamogatas/"
"2026-09-11","page","https://a1solar.hu/cegunkrol/"
"2026-09-11","page","https://a1solar.hu/sikeres-kapcsolatfelvetel-lakossagi-hibrid-napelem-backup/"
"2026-09-11","page","https://a1solar.hu/sikeres-ajanlatkeres-reszletfizetes/"
"2026-09-11","page","https://a1solar.hu/panelmosas-karbantartas-aszf/"
"2026-09-11","page","https://a1solar.hu/napelem-es-energiatarolo-reszletfizetessel/"
"2026-09-11","page","https://a1solar.hu/regiovezeto-eloszures/"
"2026-09-11","page","https://a1solar.hu/vallalati-napelem/"
"2026-09-11","page","https://a1solar.hu/ertekesito-eloszuro/"
"2026-09-11","page","https://a1solar.hu/karrier/"
"2026-09-11","page","https://a1solar.hu/hibrid-napelem-backup/"
"2026-09-11","page","https://a1solar.hu/lakossagi-napelem/"
"2026-09-11","post","https://a1solar.hu/tudastar-blog/"
"2026-09-11","post","https://a1solar.hu/akar-5-milliard-forint-tamogatast-kaphatnak-az-allattarto-telepek-megujulo-energiaforrast-hasznosito-energetikai-korszerusitesre-is/"
"2026-09-11","post","https://a1solar.hu/kiemelt-figyelmet-es-magasabb-tamogatasi-intenzitast-kaptak-a-kornyezetbarat-technologiak-a-feldolgozo-uzemek-fejleszteset-celzo-palyazatokban/"
"2026-09-11","post","https://a1solar.hu/igy-zard-sikeresen-az-uzleti-eved-palyazati-szempontbol/"
"2026-09-11","post","https://a1solar.hu/hivatalos-deye-ess-disztributorok-lettunk/"
"2026-09-11","post","https://a1solar.hu/akkumulator-szerepe/"
"2026-09-11","post","https://a1solar.hu/korszerusitsd-otthonod-a-2024-es-otthonfelujitasi-tamogatassal/"
"2026-09-11","post","https://a1solar.hu/a-napenergia-jovoje-az-okosotthonokban/"
"2026-09-11","post","https://a1solar.hu/uj-fejlesztesek-es-innovaciok-a-napelem-technologiaban/"
"2026-09-11","post","https://a1solar.hu/a-napelemes-nagykereskedelem-trendjei-es-kihivasai/"
"2026-09-11","post","https://a1solar.hu/ujraindul-az-otthonfelujitasi-tamogatas-2025/"
"2026-09-11","post","https://a1solar.hu/ft1000/"
"2026-09-11","post","https://a1solar.hu/energiatarolasi-tamogatas-vallalkozasnak/"
"2026-09-11","post","https://a1solar.hu/ginop-plusz-1-4-5-25-palyazat/"
"2026-09-11","post","https://a1solar.hu/hoszivattyu-napelemmel-kombinalva/"
"2026-09-11","post","https://a1solar.hu/az-a1-solar-zanzibar-ltd-atadta-elso-afrikai-napelemes-rendszeret/"
"2026-09-11","post","https://a1solar.hu/elso-fox-ess-g-max-telepites-magyarorszagon/"
"2026-09-11","post","https://a1solar.hu/fox-ess-g-max-telepites/"
"2026-09-11","post","https://a1solar.hu/hosszu-honapok-ota-tarto-bizonytalansag-utan-latszik-nemi-feny-a-napelemes-alagut-vegen/"
"2026-09-11","post","https://a1solar.hu/bemutatkozik-a-pylontech-akkumulator/"
"2026-09-11","post","https://a1solar.hu/csucsminosegu-tartoszerkezet-es-vilagszinvonalu-villanyszerelesi-anyagok/"
"2026-09-11","post","https://a1solar.hu/tanyasi-terseg-palyazat-2023/"
"2026-09-11","post","https://a1solar.hu/napelem-teljesitmeny/"
"2026-09-11","post","https://a1solar.hu/napelem-elettartam/"
"2026-09-11","post","https://a1solar.hu/napelem-szaldo-elszamolas-tudnivalok/"
"2026-09-11","post","https://a1solar.hu/napelem-telepites-mikor-a-legjobb/"
"2026-09-11","post","https://a1solar.hu/hogyan-kepzodik-egy-napelem-rendszer-ara/"
"2026-09-11","post","https://a1solar.hu/napelem-biztositas/"
"2026-09-11","post","https://a1solar.hu/a-szaldo-elszamolas-es-az-energiatarolo-akkumulator-kapcsolata/"
"2026-09-11","post","https://a1solar.hu/miert-erik-meg-a-napelem-panelek-a-magasabb-arat-is/"
"2026-09-11","post","https://a1solar.hu/sunways-inverter-napelemes-projektjeihez/"
"2026-09-11","post","https://a1solar.hu/napelemrendszer-telepites-mit-kell-tudnia-es-mire-szamithat-2/"
"2026-09-11","post","https://a1solar.hu/napenergia-vallalkozasok-szamara-a-fenntarthato-jovo-alapja/"
"2026-09-11","post","https://a1solar.hu/gyorsasag-es-megbizhato-kivitelezo/"
"2026-09-11","post","https://a1solar.hu/sunova-solar-tier-1-es-besorolasu-gyarto/"
"2026-09-11","post","https://a1solar.hu/napelem-panel/"
"2026-09-11","post","https://a1solar.hu/brutto-elszamolas-mellett-is-megeri-napelem-rendszert-telepiteni/"
"2026-09-11","post","https://a1solar.hu/sunways-inverterek-kizarolag-az-a1-solar-kft-kinalataban/"
"2026-09-11","post","https://a1solar.hu/napenergia/"
"2026-09-11","post","https://a1solar.hu/inverter-telepites-tanacsok-a-megbizhato-rendszerert/"
"2026-09-11","post","https://a1solar.hu/hibrid-inverter/"
"2026-09-11","post","https://a1solar.hu/napenergia-plusz-program-2024/"
"2026-09-11","post","https://a1solar.hu/hatekony-energiatarolas-sunways-akkumulatorokkal/"
"2026-09-11","post","https://a1solar.hu/energiatarolas-a-fenntarthatosag-jovoje/"
"2026-09-11","post","https://a1solar.hu/enerack-tartoszerkezetek/"
"2026-09-11","post","https://a1solar.hu/egyszeru-es-hatekony-sunways-portal/"
"2026-09-11","post","https://a1solar.hu/miert-fontos-a-tajolas/"
"2026-09-11","post","https://a1solar.hu/az-inverter-szerepe-a-napelemes-rendszerben/"
"2026-09-11","post","https://a1solar.hu/a-napelemrendszer-reszei-es-telepitesi-tudnivalok/"
"2026-09-11","post","https://a1solar.hu/vallalati-napelemes-rendszerek-gyors-megterules/"
"2026-09-11","post","https://a1solar.hu/aszimmetrikus-inverter/"
"2026-09-11","post","https://a1solar.hu/nagyvallalati-megujulo-energia-termelesi-tamogatas-2/"
"2026-09-11","post","https://a1solar.hu/az-egesz-eu-ra-kiterjedo-epuletekre-vonatkozo-napelemes-kotelezettseggel-kapcsolatban/"
"2026-09-11","post","https://a1solar.hu/surgos-felhivast-fogalmaztak-meg-az-egesz-eu-ra-kiterjesztve/"
"2026-09-11","post","https://a1solar.hu/2030-ra-megketszerezodhet-a-napelemes-munkahelyek-szama-az-eu-ban/"
"2026-09-11","post","https://a1solar.hu/amikor-az-engedelyeztetes-hatraltatja-a-napelemek-telepiteset/"
"2026-09-11","post","https://a1solar.hu/az-egyesult-allamokban-a-kozossegi-napenergia-7-gw-tal-fog-novekedni-2027-re/"
"2026-09-11","post","https://a1solar.hu/bill-gates-automatizalt-napelem-epito-cegbe-fektet-be/"
"2026-09-11","post","https://a1solar.hu/a-napelem-panel-szerepe-a-napelemes-rendszerben/"
"2026-09-11","post","https://a1solar.hu/a-napelem-foldre-telepitese-is-egy-lehetseges-megoldas/"
"2026-09-11","post","https://a1solar.hu/a-sunnova-egyuttmukodest-kot-a-lakossagi-napelemek-kinalatanak-bovitese-erdekeben/"
"2026-09-11","post","https://a1solar.hu/a-nap-es-szelenergia-dominalja-az-uj-telepiteseket-de-a-tiszta-energia-terjedese-meg-mindig-lassu/"
"2026-09-11","post","https://a1solar.hu/elementor-6001/"
"2026-09-11","post","https://a1solar.hu/nemzetkozi-szinten-rekord-mennyisegu-napelemet-telepitettek-2021-ben/"
"2026-09-11","post","https://a1solar.hu/a-statkraft-jelentosen-tobb-napelemet-josol-europaban-az-ukrajnai-invaziot-kovetoen/"
"2026-09-11","post","https://a1solar.hu/ceges-napelemrendszer-kiepitese-igy-hozd-ki-belole-a-legtobbet/"
"2026-09-11","post","https://a1solar.hu/a-napelem-energiatarolasanak-kerdesei/"
"2026-09-11","post","https://a1solar.hu/igazan-fontos-kerdes-hogyan-mukodik-a-napelem/"
"2026-09-11","post","https://a1solar.hu/az-europai-gyartasu-napelemek-iranti-kereslet-62-kal-nott/"
"2026-09-11","post","https://a1solar.hu/kiemekedoen-hatekony-es-stabil-perovszkit-napelemet-alkottak/"
"2026-09-11","post","https://a1solar.hu/az-enfinity-global-tamogatast-biztositott-70-mw-japan-naperomuhoz/"
"2026-09-11","post","https://a1solar.hu/india-84-gw-napelemet-telepitett-2022-elso-feleveben/"
"2026-09-11","post","https://a1solar.hu/a-nap-es-szelenergia-tavaly-eloszor-meghaladta-a-globalis-energiatermeles-10-at/"
"2026-09-11","post","https://a1solar.hu/a-megujulo-energiaforrasok-kielegitettek-a-globalis-villamosenergia-igeny-novekedeset-2022-elso-feleben/"
"2026-09-11","post","https://a1solar.hu/miert-kiemelten-fontos-a-napelem-telepitese/"
"2026-09-11","post","https://a1solar.hu/az-eu-2022-nyaran-12-villamos-energiat-termelt-csak-napenergiaval/"
"2026-09-11","post","https://a1solar.hu/azsiaban-akar-22-os-napenergia-kapacitasi-novekedes-is-varhato/"
"2026-09-11","post","https://a1solar.hu/kiemelkedoen-hatekony-es-stabil-perovszkit-napelemet-alkotnak-az-usa-ban/"
"2026-09-11","post","https://a1solar.hu/az-olaszorszagi-napelem-kiepites-2022-elso-feleben-meghaladta-az-1-gw-ot/"
"2026-09-11","post","https://a1solar.hu/a-napelem-rendszer-cegeknek-is-megeri-sot/"
"2026-09-11","post","https://a1solar.hu/az-egyik-leggyakoribb-kerdes-telepites-elott-mekkora-napelem-kell/"
"2026-09-11","post","https://a1solar.hu/minden-amit-a-napelem-akkumulatorokrol-tudnod-kell/"
"2026-09-11","post","https://a1solar.hu/mi-a-kulonbseg-a-napelem-es-a-napelemes-tetocserep-kozott/"
"2026-09-11","post","https://a1solar.hu/a-sunova-solar-a-top-10-leghatekonyabb-napelem-panel-kozott/"
"2026-09-11","post","https://a1solar.hu/inverter-elhelyezese/"
"2026-09-11","post","https://a1solar.hu/csucskategorias-napelem-panel-es-inverter/"
"2026-09-11","post","https://a1solar.hu/napelem-meret/"
"2026-09-11","post","https://a1solar.hu/megbizhato-napelem-tartoszerkezet/"
"2026-09-11","post","https://a1solar.hu/ujabb-nagyvallalat-fektet-napelemes-rendszerbe/"
"2026-09-11","post","https://a1solar.hu/milyen-jelentoseggel-bir-a-napelem-tajolasa-a-hatekonysag-szempontjabol/"
"2026-09-11","post","https://a1solar.hu/az-ikea-megujulo-energiara-valt/"
"2026-09-11","post","https://a1solar.hu/a-nemet-kabinet-jovahagyta-a-husveti-csomagot/"
"2026-09-11","post","https://a1solar.hu/a-napelemmodulok-arai-38-kal-emelkedtek-indiaban/"
"2026-09-11","post","https://a1solar.hu/igy-zajlik-a-napelemes-rendszerek-kivitelezese/"
"2026-09-11","post","https://a1solar.hu/marad-a-netto-fogyasztasmeres-floridaban/"
"2026-09-11","post","https://a1solar.hu/chile-tobb-mint-750mw-os-napelem-projektjerol/"
"2026-09-11","post","https://a1solar.hu/1-tw-teljesitmenyu-napelem-telepitese-a-cel-az-eu-ban/"
"2026-09-11","post","https://a1solar.hu/napelem-ujrahasznositas-de-hogy/"
"2026-09-11","post","https://a1solar.hu/telepitesen-gondolkodva-gyakori-kerdes-1-napelem-mennyi-aramot-termel/"
"2026-09-11","post","https://a1solar.hu/az-eu-tovabb-noveli-napelem-kapacitasat/"
"2026-09-11","post","https://a1solar.hu/uj-megujuloenergia-fejleszto-ceg-koltozhet-magyarorszagra/"
"2026-09-11","post","https://a1solar.hu/az-esmc-unios-szintu-napenergia-gyartasi-projektet-indit/"
"2026-09-11","post","https://a1solar.hu/uszo-napelemekben-az-elen/"
"2026-09-11","post","https://a1solar.hu/miben-kulonbozik-a-polikristalyos-napelem-a-monokristalyostol/"
"2026-09-11","post","https://a1solar.hu/napelem-es-biodiverzitas-mi-az-igazsag/"
"2026-09-11","post","https://a1solar.hu/uj-napelem-hatekonysagi-rekord-dolt-meg/"
"2026-09-11","post","https://a1solar.hu/tovabb-no-az-uszo-napelemek-letszukseglete/"
"2026-09-11","post","https://a1solar.hu/eredmenyes-perovszkit-napelem-kiserletet-hajtottak-vegre/"
"2026-09-11","post","https://a1solar.hu/nagy-strategiai-partnerseg-az-indiai-napelem-piacon/"
"2026-09-11","post","https://a1solar.hu/strategiai-partnerseg-az-orosz-energiafuggoseg-ellen/"
"2026-09-11","post","https://a1solar.hu/tudtad-hogy-a-napkoveto-napelemmel-jarsz-a-legjobban/"
"2026-09-11","post","https://a1solar.hu/2021-ben-az-uj-megujuloenergia-beruhazasok-fele-a-napenergiaban-tortent/"
"2026-09-11","post","https://a1solar.hu/a-nap-es-szelenergia-meghaladta-a-globalis-energiatermeles-10-at/"
"2026-09-11","post","https://a1solar.hu/telepitheto-napelem-zsindely-tetore-igen/"
"2026-09-11","post","https://a1solar.hu/a-longi-uj-hjt-napelem-hatekonysagi-rekordot-allitott-fel/"
"2026-09-11","post","https://a1solar.hu/kettos-vilagrekordot-a-perovszkit-tandem-napelemek-teren/"
"2026-09-11","post","https://a1solar.hu/a-vekonyreteg-technologiak-jelentosen-csokkenthetik-a-fotovoltaika-karbonintenzitasat/"
"2026-09-11","post","https://a1solar.hu/melyik-a-legjobb-inverter-a-piacon/"
"2026-09-11","post","https://a1solar.hu/a-kozuzemi-meretu-napelemek-globalis-lcoe-erteke-13-kal-esett-2021-ben/"
"2026-09-11","post","https://a1solar.hu/a-napelemrogzites-szerepe-es-jelentosege/"
"2026-09-11","post","https://a1solar.hu/milyen-napelemes-rendszerek-kozul-valaszthatunk/"
"2026-09-11","post","https://a1solar.hu/milyen-napelem-palyazat-erheto-el-maganszemelyeknek/"
"2026-09-11","post","https://a1solar.hu/europa-energiavalsaga-folyamatosan-melyul-az-arak-emelkednek/"
"2026-09-11","post","https://a1solar.hu/uj-amerikai-rekord-a-megujuloenergia-termeles-teren/"
"2026-09-11","post","https://a1solar.hu/uj-nanopv-gyartouzemet-nyitnak-amerikaban/"
"2026-09-11","post","https://a1solar.hu/oriasi-naperomu-epul-a-fulop-szigeteken/"
"2026-09-11","post","https://a1solar.hu/szigetuzemu-napelemes-rendszer-a-teljes-fuggetlenseg/"
"2026-09-11","post","https://a1solar.hu/napelemes-rendszer-telepitessel-az-energiavalsag-ellen/"
"2026-09-11","post","https://a1solar.hu/uj-rekord-a-monokristalyos-napelemek-hatekonysagaban/"
"2026-09-11","post","https://a1solar.hu/elkeszult-a-napelemes-rendszer-de-vajon-mennyi-a-napelem-karbantartasi-koltsege/"
"2026-09-11","post","https://a1solar.hu/veszelyben-a-netto-nulla-celkituzes/"
"2026-09-11","post","https://a1solar.hu/uj-vekonyreteg-napelem-gyar-epul-olaszorszagban/"
"2026-09-11","post","https://a1solar.hu/az-indiai-hibrid-projekt-es-ami-mogotte-van/"
"2026-09-11","post","https://a1solar.hu/kerulhet-e-a-napelem-tartoszerkezet-a-talajra/"
"2026-09-11","post","https://a1solar.hu/a-szigetuzemu-napelem-rendszer-mukodese-megeri-vagy-nem/"
"2026-09-11","post","https://a1solar.hu/forradalmi-napelemes-szabadalom-a-c3-technologia/"
"2026-09-11","post","https://a1solar.hu/a-legmodernebb-napelemek-nyujtjak-a-legjobb-teljesitmenyt-lassuk/"
"2026-09-11","post","https://a1solar.hu/a-napelem-es-szelenergia-verhetetlen-ereje/"
"2026-09-11","post","https://a1solar.hu/napelemes-energiatermeles-haltenyesztessel-kombinalva/"
"2026-09-11","post","https://a1solar.hu/napelem-meghajtasu-vasutak-a-vasut-jovoje/"
"2026-09-11","post","https://a1solar.hu/mi-az-a-perovszkit-napelem-tarts-velunk/"
"2026-09-11","post","https://a1solar.hu/mit-erdemes-tudni-a-napelem-mukodese-kapcsan/"
"2026-09-11","post","https://a1solar.hu/a-napelem-dolesszogenek-jelentosege-a-teljesitmeny-szempontjabol/"
"2026-09-11","post","https://a1solar.hu/spanyolorszag-a-decentralizalt-napelem-kapacitas-telepiteset-tamogatja/"
"2026-09-11","post","https://a1solar.hu/india-eddigi-legnagyobb-napelemes-projektje/"
"2026-09-11","post","https://a1solar.hu/itt-a-vilag-elso-szogelheto-napelemes-zsindelye/"
"2026-09-11","post","https://a1solar.hu/az-eb-nyilvanos-konzultaciot-inditott-a-kontinens-napenergiajarol/"
"2026-09-11","post","https://a1solar.hu/a-tesla-2021-es-napelem-telepitesei-negyeves-csucsot-dontott-meg/"
"2026-09-11","post","https://a1solar.hu/az-eu-orosz-gaztol-valo-fuggesenek-csokkentesere-az-iea-10-pontos-tervet-dolgozott-ki/"
"2026-09-11","post","https://a1solar.hu/india-napelem-kapacitasa-49-gw-ra-nott-2021-ben/"
"2026-09-11","post","https://a1solar.hu/viragzik-a-villamosenergia-termeles-europaban/"
"2026-09-11","post","https://a1solar.hu/mekkora-az-akkora-tudj-meg-mindent-a-napelem-mereterol/"
"2026-09-11","post","https://a1solar.hu/a-7-olasz-megujuloenergia-aukcio/"
"2026-09-11","post","https://a1solar.hu/tarts-velunk-a-napelem-tipusok-nyomaban/"
"2026-09-11","post","https://a1solar.hu/40-eves-az-elso-europai-napelemes-rendszer/"
"2026-09-11","post","https://a1solar.hu/nemetorszag-felgyorsitja-a-napelemek-telepiteset-a-mezogazdasagi-teruleteken/"
"2026-09-11","post","https://a1solar.hu/a-longi-uj-hi-mo-5-napelem-modult-dob-piacra-lakossagi/"
"2026-09-11","post","https://a1solar.hu/uj-napelemprojekttel-keszul-a-longi/"
"2026-09-11","post","https://a1solar.hu/hogyan-zajlik-a-napelem-rendszer-kiepitese/"
"2026-09-11","post","https://a1solar.hu/india-2023-vegeig-18-gw-tal-boviti-a-modulgyartasi-kapacitast/"
"2026-09-11","post","https://a1solar.hu/3568-2/"
"2026-09-11","post","https://a1solar.hu/8-lepes-az-1-tw-napenergia-eleresehez-2030-ra/"
"2026-09-11","post","https://a1solar.hu/perovszkit-napelemek-uj-generacioja-a-lathataron/"
"2026-09-11","post","https://a1solar.hu/napelem-sziget-erdekessegek-es-tevhitek/"
"2026-09-11","post","https://a1solar.hu/miert-ilyen-nepszeru-a-szigetuzemu-napelem-europaban/"
"2026-09-11","post","https://a1solar.hu/hibrid-rendszer-jovo-a-napenergiaban/"
"2026-09-11","post","https://a1solar.hu/napelemes-rendszerek-es-a-megbizhatosag-kapcsolata/"
"2026-09-11","post","https://a1solar.hu/0-ft-os-villanyszamla-2021-ben-ne-maradj-le-rola/"
"2026-09-11","post","https://a1solar.hu/napelem-vallalkozasoknak-2021-ben/"
"2026-09-11","post","https://a1solar.hu/megeri-a-napelem-telepites-a-vallalkozasoknak/"
"2026-09-11","post","https://a1solar.hu/napelem-elhelyezes-es-jelentosege/"
"2026-09-11","post","https://a1solar.hu/uszo-napelemek-hollandiaban/"
"2026-09-11","post","https://a1solar.hu/a-napenergia-jovoje-2021-ben/"
"2026-09-11","post","https://a1solar.hu/vizminoseg-javitas-napelemmel/"
"2026-09-11","post","https://a1solar.hu/a-megujulo-energia-es-a-fosszilis-energia-harca/"
"2026-09-11","post","https://a1solar.hu/napelem-hatekonysagnoveles-emberi-hajjal/"
"2026-09-11","post","https://a1solar.hu/tarol-a-ketoldali-erintkezesu-napelem/"
"2026-09-11","post","https://a1solar.hu/felkeszulni-napenergia-tarolo-erkezik-az-amazontol/"
"2026-09-11","post","https://a1solar.hu/novekvo-megujulo-energia-szukseglet-es-a-valosag-talalkozasa/"
"2026-09-11","post","https://a1solar.hu/jelentos-agrar-pv-fejlesztesek-a-mezogazdasagban/"
"2026-09-11","post","https://a1solar.hu/uj-napenergia-merfoldkovet-ert-el-az-usa/"
"2026-09-11","post","https://a1solar.hu/hibrid-rendszereket-az-egyesult-kiralysagnak/"
"2026-09-11","post","https://a1solar.hu/orias-siker-ujraindul-az-europai-napelemgyartas/"
"2026-09-11","post","https://a1solar.hu/napenergia-a-jovobe-valo-befektetes-kulcsa/"
"2026-09-11","post","https://a1solar.hu/vajon-sikerul-elerni-2030-ig-a-nulla-netto-kibocsatast/"
"2026-09-11","post","https://a1solar.hu/karnyujtasnyira-az-elerheto-novekedes-a-napelemiparban/"
"2026-09-11","post","https://a1solar.hu/megujulo-energiaforrasok-kereslete-az-egyesult-kiralysagban/"
"2026-09-11","post","https://a1solar.hu/teszt-az-oversized-modulok-gorcso-alatt/"
"2026-09-11","post","https://a1solar.hu/fosszilis-vagy-napenergia-megfizetheto-aron/"
"2026-09-11","post","https://a1solar.hu/fit-for-55-feny-az-alagut-vegen/"
"2026-09-11","post","https://a1solar.hu/topcon-cellak-es-az-n-tipusu-napelemek/"
"2026-09-11","post","https://a1solar.hu/100-mw-os-heterojunkcios-modul-gyar-nyilik-floridaban-2/"
"2026-09-11","post","https://a1solar.hu/3-leheteseges-napelem-kapacitas-forgatokonyv/"
"2026-09-11","post","https://a1solar.hu/uj-heterojunkcios-gyar-kerul-uzembe-oroszorszagban/"
"2026-09-11","post","https://a1solar.hu/napelem-a-tetore-2/"
"2026-09-11","post","https://a1solar.hu/mit-erdemes-tudni-a-napelem-tartoszerkezet-kapcsan/"
"2026-09-11","post","https://a1solar.hu/ausztralia-villamosenergia-igenyet-akar-100-ban-megujulo-energiaforrasbol-fedezheti-2025-re/"
"2026-09-11","post","https://a1solar.hu/nok-a-napenergia-teruleten-half-the-sun-osztondij/"
"2026-09-11","post","https://a1solar.hu/a-napelem-megterulese-jo-befektetes-vagy-sem/"
"2026-09-11","post","https://a1solar.hu/uj-napelemes-celok-a-globalis-terjeszkedes-fokozasara/"
"2026-09-11","post","https://a1solar.hu/napelem-megterulesi-ideje-a-haztartasokban/"
"2026-09-11","post","https://a1solar.hu/mikor-termel-tobbet-a-napelem/"
"2026-09-11","post","https://a1solar.hu/napelemes-rendszer-engedelyeztetese/"
"2026-09-11","post","https://a1solar.hu/ingatlan-erteknovelese-napelemmel/"
"2026-09-11","post","https://a1solar.hu/napelemmel-termelt-energia-elszamolasa/"
"2026-09-11","post","https://a1solar.hu/a-napelemes-rendszer-tervezesenek-lepesei/"
"2026-09-11","post","https://a1solar.hu/napelem-tajolasa/"
"2026-09-11","post","https://a1solar.hu/napelemes-rendszer-felepitese/"
"2026-09-11","post","https://a1solar.hu/napelem-hatasfoka/"
"2026-09-11","post","https://a1solar.hu/termel-e-a-napelem-telen/"
"2026-09-11","post","https://a1solar.hu/miert-fontos-2021-ben-a-napenergia-kerdese/"
"2026-09-11","post","https://a1solar.hu/a-q-cells-bajnoki-cimet-szerzett/"
"2026-09-11","post","https://a1solar.hu/a-suntech-zsenialis-fejlodeserol/"
"2026-09-11","post","https://a1solar.hu/solar-cooking-avagy-a-grillezes-jovoje/"
"2026-09-11","post","https://a1solar.hu/unios-lakossagi-energiahatekonysagi-palyazat-valtozasa-2021-ben/"
"2026-09-11","post","https://a1solar.hu/tanyapalyazat/"
"2026-09-11","post","https://a1solar.hu/az-a1-solar-elnyerte-az-uzleti-etikai-dijat/"
"2026-09-11","post","https://a1solar.hu/uj-lakossagi-energiatarolos-tamogatasi-program-indul/"
"2026-09-11","post","https://a1solar.hu/a-vilag-napelem-kapacitasa-2031-re-eleri-a-2-tw-ot/"
"2026-09-11","post","https://a1solar.hu/tipikus-muszaki-tevhitek-az-energiatarolassal-kapcsolatban/"
"2026-09-11","post","https://a1solar.hu/mi-tortenik-a-napelemmel-ha-tele-az-akkumulator/"
"2026-09-11","post","https://a1solar.hu/mit-tud-es-mit-nem-tud-egy-energiatarolo-aramszunet-eseten/"
"2026-09-11","post","https://a1solar.hu/mekkora-akkumulatorra-van-valojaban-szukseg-egy-csaladi-hazban/"
"2026-09-11","post","https://a1solar.hu/mit-jelent-a-fazisasszimetria-az-invertereknel/"
"2026-09-11","post","https://a1solar.hu/biztonsagosak-e-az-otthoni-akkumulatorok/"
"2026-09-11","post","https://a1solar.hu/milyen-koltsegei-vannak-egy-hagyomanyos-napelemes-rendszer-hibridre-torteno-atalakitasanak/"
"2026-09-11","post","https://a1solar.hu/hagyomanyos-napelemes-rendszer-atalakitasa-hibrid-rendszerre-lepesrol-lepesre-utmutato/"
"2026-09-11","post","https://a1solar.hu/hogyan-toltodik-egy-akkumulator-egy-lakossagi-rendszerben/"
"2026-09-11","post","https://a1solar.hu/hogyan-mukodnek-az-akkumulatoros-energiatarolo-rendszerek/"
"2026-09-11","post","https://a1solar.hu/sigenergy-vs-foxess-akkumulator-melyik-a-legjobb-valasztas-2026-ra/"
"2026-09-11","post","https://a1solar.hu/miert-a-sigenergy-a-legjobb-valasztas-az-otthoni-energiatarolasban/"
"2026-09-11","post","https://a1solar.hu/10-kw-napelemes-rendszer-es-akkumulatoros-energiatarolas/"
"2026-09-11","post","https://a1solar.hu/mi-tortenik-marcius-16-tol-az-otthoni-energiatarolo-programban/"
"2026-09-11","post","https://a1solar.hu/marad-a-szaldo-invertercsere-utan-otthoni-energiatarolo-program/"
"2026-09-11","post","https://a1solar.hu/az-a1-solar-ujra-a-financial-times-top1000-es-listajan/"
"2026-09-11","post","https://a1solar.hu/otthoni-energiatarolo-program-igazolasi-szakasz/"
"2026-09-11","post","https://a1solar.hu/modositottak-az-rrf-6-2-1-palyazat-elszamolasi-hataridejet/"
"2026-09-11","post","https://a1solar.hu/otthoni-energiatarolo-program-folytatasa/"
"2026-09-11","post","https://a1solar.hu/az-otthoni-energiatarolas-jovoje/"
"2026-09-11","post","https://a1solar.hu/miert-termel-kevesebbet-a-napelem-rendszerem/"
"2026-09-11","post","https://a1solar.hu/vallalkozas-van-bejelentve-a-lakcimen-mikor-gond-es-mikor-nem/"
"2026-09-11","post","https://a1solar.hu/mit-jelent-a-jelenlegi-energiakrizis-a-haztartasoknak/"
"2026-09-11","post","https://a1solar.hu/szigetuzemu-napelemes-rendszer-vagy-hibrid-rendszer-fontos-kulonbsegek-aramszunet-esetere/"
"2026-09-11","post","https://a1solar.hu/vallalati-energiabiztonsag-napelemmel-es-energiatarolassal/"
"2026-09-11","post","https://a1solar.hu/napelemes-kocsibeallo-elonyok-es-mukodes/"
"2026-09-11","post","https://a1solar.hu/megjelent-a-jedlik-anyos-energetikai-program/"
"2026-09-11","post","https://a1solar.hu/megjelent-a-vegleges-felhivas-indul-a-jedlik-anyos-energetikai-program/"
"2026-09-11","post","https://a1solar.hu/napelemes-backup-rendszer/"
"2026-09-11","post","https://a1solar.hu/otthoni-energiatarolo-program-oetp-folytatas/"
"2026-09-11","post","https://a1solar.hu/uj-energiatarolo-szabalyok-2026/"
"2026-09-11","post","https://a1solar.hu/uj-dinamikus-aramtarifa-erkezik-mit-jelent-a-d-arszabas-a-napelemes-haztartasok-szamara/"
"2026-09-11","post","https://a1solar.hu/backup-napelemes-rendszer-telepites/"
